<ImportExportXml version="9.2.21073.140" SolutionPackageVersion="9.2" languagecode="1033" generatedBy="CrmLive" xmlns:xsi="http://www.w3.org/2001/XMLSchema-instance">
  <SolutionManifest>
    <UniqueName>Auto</UniqueName>
    <LocalizedNames>
      <LocalizedName description="Auto" languagecode="1033" />
    </LocalizedNames>
    <Descriptions />
    <Version>0.5.5.123</Version>
    <Managed>0</Managed>
    <Publisher>
      <UniqueName>junk_dog</UniqueName>
      <LocalizedNames>
        <LocalizedName description="Junkyard Dog" languagecode="1033" />
      </LocalizedNames>
      <Descriptions />
      <EMailAddress xsi:nil="true"></EMailAddress>
      <SupportingWebsiteUrl xsi:nil="true"></SupportingWebsiteUrl>
      <CustomizationPrefix>jdog</CustomizationPrefix>
      <CustomizationOptionValuePrefix>37886</CustomizationOptionValuePrefix>
      <Addresses>
        <Address>
          <AddressNumber>1</AddressNumber>
          <AddressTypeCode>1</AddressTypeCode>
          <City xsi:nil="true"></City>
          <County xsi:nil="true"></County>
          <Country xsi:nil="true"></Country>
          <Fax xsi:nil="true"></Fax>
          <FreightTermsCode xsi:nil="true"></FreightTermsCode>
          <ImportSequenceNumber xsi:nil="true"></ImportSequenceNumber>
          <Latitude xsi:nil="true"></Latitude>
          <Line1 xsi:nil="true"></Line1>
          <Line2 xsi:nil="true"></Line2>
          <Line3 xsi:nil="true"></Line3>
          <Longitude xsi:nil="true"></Longitude>
          <Name xsi:nil="true"></Name>
          <PostalCode xsi:nil="true"></PostalCode>
          <PostOfficeBox xsi:nil="true"></PostOfficeBox>
          <PrimaryContactName xsi:nil="true"></PrimaryContactName>
          <ShippingMethodCode>1</ShippingMethodCode>
          <StateOrProvince xsi:nil="true"></StateOrProvince>
          <Telephone1>666666666</Telephone1>
          <Telephone2 xsi:nil="true"></Telephone2>
          <Telephone3 xsi:nil="true"></Telephone3>
          <TimeZoneRuleVersionNumber xsi:nil="true"></TimeZoneRuleVersionNumber>
          <UPSZone xsi:nil="true"></UPSZone>
          <UTCOffset xsi:nil="true"></UTCOffset>
          <UTCConversionTimeZoneCode xsi:nil="true"></UTCConversionTimeZoneCode>
        </Address>
        <Address>
          <AddressNumber>2</AddressNumber>
          <AddressTypeCode>1</AddressTypeCode>
          <City xsi:nil="true"></City>
          <County xsi:nil="true"></County>
          <Country xsi:nil="true"></Country>
          <Fax xsi:nil="true"></Fax>
          <FreightTermsCode xsi:nil="true"></FreightTermsCode>
          <ImportSequenceNumber xsi:nil="true"></ImportSequenceNumber>
          <Latitude xsi:nil="true"></Latitude>
          <Line1 xsi:nil="true"></Line1>
          <Line2 xsi:nil="true"></Line2>
          <Line3 xsi:nil="true"></Line3>
          <Longitude xsi:nil="true"></Longitude>
          <Name xsi:nil="true"></Name>
          <PostalCode xsi:nil="true"></PostalCode>
          <PostOfficeBox xsi:nil="true"></PostOfficeBox>
          <PrimaryContactName xsi:nil="true"></PrimaryContactName>
          <ShippingMethodCode>1</ShippingMethodCode>
          <StateOrProvince xsi:nil="true"></StateOrProvince>
          <Telephone1 xsi:nil="true"></Telephone1>
          <Telephone2 xsi:nil="true"></Telephone2>
          <Telephone3 xsi:nil="true"></Telephone3>
          <TimeZoneRuleVersionNumber xsi:nil="true"></TimeZoneRuleVersionNumber>
          <UPSZone xsi:nil="true"></UPSZone>
          <UTCOffset xsi:nil="true"></UTCOffset>
          <UTCConversionTimeZoneCode xsi:nil="true"></UTCConversionTimeZoneCode>
        </Address>
      </Addresses>
    </Publisher>
    <RootComponents>
      <RootComponent type="1" schemaName="account" behavior="1" />
      <RootComponent type="1" schemaName="contact" behavior="0" />
      <RootComponent type="1" schemaName="jdog_agreement" behavior="0" />
      <RootComponent type="1" schemaName="jdog_auto" behavior="0" />
      <RootComponent type="1" schemaName="jdog_brand" behavior="0" />
      <RootComponent type="1" schemaName="jdog_communication" behavior="0" />
      <RootComponent type="1" schemaName="jdog_credit" behavior="0" />
      <RootComponent type="1" schemaName="jdog_invoice" behavior="0" />
      <RootComponent type="1" schemaName="jdog_model" behavior="0" />
      <RootComponent type="1" schemaName="msdyn_actual" behavior="2" />
      <RootComponent type="1" schemaName="msdyn_contactpricelist" behavior="2" />
      <RootComponent type="1" schemaName="msdyn_estimateline" behavior="2" />
      <RootComponent type="1" schemaName="msdyn_fact" behavior="2" />
      <RootComponent type="1" schemaName="msdyn_invoicelinetransaction" behavior="2" />
      <RootComponent type="1" schemaName="msdyn_journalline" behavior="2" />
      <RootComponent type="1" schemaName="msdyn_liveconversation" behavior="2" />
      <RootComponent type="1" schemaName="msdyn_ocliveworkitem" behavior="2" />
      <RootComponent type="1" schemaName="msdyn_opportunitylinetransaction" behavior="2" />
      <RootComponent type="1" schemaName="msdyn_orderlinetransaction" behavior="2" />
      <RootComponent type="1" schemaName="msdyn_quotelinetransaction" behavior="2" />
      <RootComponent type="1" schemaName="msdyn_rma" behavior="2" />
      <RootComponent type="1" schemaName="msdyn_rtv" behavior="2" />
      <RootComponent type="1" schemaName="msdyn_workorder" behavior="2" />
      <RootComponent type="1" schemaName="sharepointdocument" behavior="0" />
      <RootComponent type="29" id="{b9e31902-e336-4614-88b9-f09105434117}" behavior="0" />
      <RootComponent type="29" id="{c0a6231f-6f4d-4224-9a26-3bd85df63d56}" behavior="0" />
      <RootComponent type="60" id="{70ad8b15-e3f3-4d7d-9e4b-16cb4e51b484}" />
      <RootComponent type="61" schemaName="jdog_agreement" behavior="0" />
      <RootComponent type="61" schemaName="jdog_auto" behavior="0" />
      <RootComponent type="61" schemaName="jdog_brand" behavior="0" />
      <RootComponent type="61" schemaName="jdog_brand_style.css" behavior="0" />
      <RootComponent type="61" schemaName="jdog_brand_table" behavior="0" />
      <RootComponent type="61" schemaName="jdog_calc_credit" behavior="0" />
      <RootComponent type="61" schemaName="jdog_communication" behavior="0" />
      <RootComponent type="61" schemaName="jdog_ControlManager.js" behavior="0" />
      <RootComponent type="61" schemaName="jdog_credit" behavior="0" />
      <RootComponent type="61" schemaName="jdog_TabManager.js" behavior="0" />
      <RootComponent type="91" id="{e92cd8d3-81fd-4dbc-9fe2-aafae0d43c3b}" schemaName="Auto.Plugins, Version=1.0.0.0, Culture=neutral, PublicKeyToken=0dd0517e0ef7477c" behavior="0" />
      <RootComponent type="91" id="{2c9bf536-31e2-49d3-b8e5-1a5a91a0d8c7}" schemaName="Auto.Workflows, Version=1.0.0.0, Culture=neutral, PublicKeyToken=67f97e797b789230" behavior="0" />
    </RootComponents>
    <MissingDependencies>
      <MissingDependency>
        <Required type="1" schemaName="incident" displayName="Case" solution="msdynce_Service (9.0.5.56)">
          <package>msdynce_ServiceAnchor (9.0.21072.1004)</package>
        </Required>
        <Dependent type="60" displayName="Contact with agreement info" parentDisplayName="Contact" id="{56c32bc7-6897-4568-8b9e-74171e0c3a3d}" />
      </MissingDependency>
      <MissingDependency>
        <Required type="1" schemaName="incident" displayName="Case" solution="msdynce_Service (9.0.5.56)">
          <package>msdynce_ServiceAnchor (9.0.21072.1004)</package>
        </Required>
        <Dependent type="60" displayName="Contact for Multisession experience" parentDisplayName="Contact" id="{e06af4d1-2812-45c7-a9c2-9fb73fee7bec}" />
      </MissingDependency>
      <MissingDependency>
        <Required type="1" schemaName="msdyn_actual" displayName="Actual" solution="MicrosoftDynamicsScheduling (3.12.0.448)" />
        <Dependent type="1" schemaName="msdyn_actual" displayName="Actual" />
      </MissingDependency>
      <MissingDependency>
        <Required type="1" schemaName="msdyn_contactpricelist" displayName="Contact Price List" solution="ProjectService (3.10.0.31)" />
        <Dependent type="1" schemaName="msdyn_contactpricelist" displayName="Contact Price List" />
      </MissingDependency>
      <MissingDependency>
        <Required type="1" schemaName="msdyn_estimateline" displayName="Estimate Line" solution="ProjectService (3.10.0.31)" />
        <Dependent type="1" schemaName="msdyn_estimateline" displayName="Estimate Line" />
      </MissingDependency>
      <MissingDependency>
        <Required type="1" schemaName="msdyn_fact" displayName="Fact" solution="ProjectService (3.10.0.31)" />
        <Dependent type="1" schemaName="msdyn_fact" displayName="Fact" />
      </MissingDependency>
      <MissingDependency>
        <Required type="1" schemaName="msdyn_invoicelinetransaction" displayName="Invoice Line Detail" solution="ProjectService (3.10.0.31)" />
        <Dependent type="1" schemaName="msdyn_invoicelinetransaction" displayName="Invoice Line Detail" />
      </MissingDependency>
      <MissingDependency>
        <Required type="1" schemaName="msdyn_journalline" displayName="Journal Line" solution="ProjectService (3.10.0.31)" />
        <Dependent type="1" schemaName="msdyn_journalline" displayName="Journal Line" />
      </MissingDependency>
      <MissingDependency>
        <Required type="1" schemaName="msdyn_liveconversation" displayName="Ongoing conversation (Deprecated)" solution="OmnichannelBase (1.5.0.383)" />
        <Dependent type="1" schemaName="msdyn_liveconversation" displayName="Ongoing conversation (Deprecated)" />
      </MissingDependency>
      <MissingDependency>
        <Required type="1" schemaName="msdyn_ocliveworkitem" displayName="Conversation" solution="OmnichannelBase (1.5.0.383)" />
        <Dependent type="1" schemaName="msdyn_ocliveworkitem" displayName="Conversation" />
      </MissingDependency>
      <MissingDependency>
        <Required type="1" schemaName="msdyn_opportunitylinetransaction" displayName="Opportunity Line Detail (Deprecated)" solution="ProjectService (3.10.0.31)" />
        <Dependent type="1" schemaName="msdyn_opportunitylinetransaction" displayName="Opportunity Line Detail (Deprecated)" />
      </MissingDependency>
      <MissingDependency>
        <Required type="1" schemaName="msdyn_orderlinetransaction" displayName="Project Contract Line Detail" solution="ProjectService (3.10.0.31)" />
        <Dependent type="1" schemaName="msdyn_orderlinetransaction" displayName="Project Contract Line Detail" />
      </MissingDependency>
      <MissingDependency>
        <Required type="1" schemaName="msdyn_quotelinetransaction" displayName="Quote Line Detail" solution="ProjectService (3.10.0.31)" />
        <Dependent type="1" schemaName="msdyn_quotelinetransaction" displayName="Quote Line Detail" />
      </MissingDependency>
      <MissingDependency>
        <Required type="1" schemaName="msdyn_rma" displayName="RMA" solution="FieldService (8.8.0.88)" />
        <Dependent type="1" schemaName="msdyn_rma" displayName="RMA" />
      </MissingDependency>
      <MissingDependency>
        <Required type="1" schemaName="msdyn_rtv" displayName="RTV" solution="FieldService (8.8.0.88)" />
        <Dependent type="1" schemaName="msdyn_rtv" displayName="RTV" />
      </MissingDependency>
      <MissingDependency>
        <Required type="1" schemaName="msdyn_workorder" displayName="Work Order" solution="FieldService (8.8.0.88)" />
        <Dependent type="1" schemaName="msdyn_workorder" displayName="Work Order" />
      </MissingDependency>
      <MissingDependency>
        <Required type="1" schemaName="opportunity" displayName="Opportunity" solution="msdynce_Sales (9.0.4.0076)">
          <package>msdynce_SalesAnchor (9.0.21072.10006)</package>
        </Required>
        <Dependent type="60" displayName="AI for Sales" parentDisplayName="Contact" id="{293c878f-f068-40a0-ae48-4297e060871c}" />
      </MissingDependency>
      <MissingDependency>
        <Required type="1" schemaName="opportunity" displayName="Opportunity" solution="msdynce_Sales (9.0.4.0076)">
          <package>msdynce_SalesAnchor (9.0.21072.10006)</package>
        </Required>
        <Dependent type="60" displayName="Contact with agreement info" parentDisplayName="Contact" id="{56c32bc7-6897-4568-8b9e-74171e0c3a3d}" />
      </MissingDependency>
      <MissingDependency>
        <Required type="10" schemaName="msdyn_contact_msdyn_contactpricelist_Contact" displayName="msdyn_contact_msdyn_contactpricelist_Contact" parentSchemaName="contact" parentDisplayName="Contact" solution="ProjectService (3.10.0.31)" />
        <Dependent type="10" schemaName="msdyn_contact_msdyn_contactpricelist_Contact" displayName="msdyn_contact_msdyn_contactpricelist_Contact" parentSchemaName="contact" parentDisplayName="Contact" />
      </MissingDependency>
      <MissingDependency>
        <Required type="10" schemaName="msdyn_contact_msdyn_estimateline_ContactCustomer" displayName="msdyn_contact_msdyn_estimateline_ContactCustomer" parentSchemaName="contact" parentDisplayName="Contact" solution="ProjectService (3.10.0.31)" />
        <Dependent type="10" schemaName="msdyn_contact_msdyn_estimateline_ContactCustomer" displayName="msdyn_contact_msdyn_estimateline_ContactCustomer" parentSchemaName="contact" parentDisplayName="Contact" />
      </MissingDependency>
      <MissingDependency>
        <Required type="10" schemaName="msdyn_contact_msdyn_estimateline_ContactVendor" displayName="msdyn_contact_msdyn_estimateline_ContactVendor" parentSchemaName="contact" parentDisplayName="Contact" solution="ProjectService (3.10.0.31)" />
        <Dependent type="10" schemaName="msdyn_contact_msdyn_estimateline_ContactVendor" displayName="msdyn_contact_msdyn_estimateline_ContactVendor" parentSchemaName="contact" parentDisplayName="Contact" />
      </MissingDependency>
      <MissingDependency>
        <Required type="10" schemaName="msdyn_contact_msdyn_fact_ContactCustomer" displayName="msdyn_contact_msdyn_fact_ContactCustomer" parentSchemaName="contact" parentDisplayName="Contact" solution="ProjectService (3.10.0.31)" />
        <Dependent type="10" schemaName="msdyn_contact_msdyn_fact_ContactCustomer" displayName="msdyn_contact_msdyn_fact_ContactCustomer" parentSchemaName="contact" parentDisplayName="Contact" />
      </MissingDependency>
      <MissingDependency>
        <Required type="10" schemaName="msdyn_contact_msdyn_fact_ContactVendor" displayName="msdyn_contact_msdyn_fact_ContactVendor" parentSchemaName="contact" parentDisplayName="Contact" solution="ProjectService (3.10.0.31)" />
        <Dependent type="10" schemaName="msdyn_contact_msdyn_fact_ContactVendor" displayName="msdyn_contact_msdyn_fact_ContactVendor" parentSchemaName="contact" parentDisplayName="Contact" />
      </MissingDependency>
      <MissingDependency>
        <Required type="10" schemaName="msdyn_contact_msdyn_invoicelinetransaction_ContactCustomer" displayName="msdyn_contact_msdyn_invoicelinetransaction_ContactCustomer" parentSchemaName="contact" parentDisplayName="Contact" solution="ProjectService (3.10.0.31)" />
        <Dependent type="10" schemaName="msdyn_contact_msdyn_invoicelinetransaction_ContactCustomer" displayName="msdyn_contact_msdyn_invoicelinetransaction_ContactCustomer" parentSchemaName="contact" parentDisplayName="Contact" />
      </MissingDependency>
      <MissingDependency>
        <Required type="10" schemaName="msdyn_contact_msdyn_invoicelinetransaction_ContactVendor" displayName="msdyn_contact_msdyn_invoicelinetransaction_ContactVendor" parentSchemaName="contact" parentDisplayName="Contact" solution="ProjectService (3.10.0.31)" />
        <Dependent type="10" schemaName="msdyn_contact_msdyn_invoicelinetransaction_ContactVendor" displayName="msdyn_contact_msdyn_invoicelinetransaction_ContactVendor" parentSchemaName="contact" parentDisplayName="Contact" />
      </MissingDependency>
      <MissingDependency>
        <Required type="10" schemaName="msdyn_contact_msdyn_journalline_ContactCustomer" displayName="msdyn_contact_msdyn_journalline_ContactCustomer" parentSchemaName="contact" parentDisplayName="Contact" solution="ProjectService (3.10.0.31)" />
        <Dependent type="10" schemaName="msdyn_contact_msdyn_journalline_ContactCustomer" displayName="msdyn_contact_msdyn_journalline_ContactCustomer" parentSchemaName="contact" parentDisplayName="Contact" />
      </MissingDependency>
      <MissingDependency>
        <Required type="10" schemaName="msdyn_contact_msdyn_journalline_ContactVendor" displayName="msdyn_contact_msdyn_journalline_ContactVendor" parentSchemaName="contact" parentDisplayName="Contact" solution="ProjectService (3.10.0.31)" />
        <Dependent type="10" schemaName="msdyn_contact_msdyn_journalline_ContactVendor" displayName="msdyn_contact_msdyn_journalline_ContactVendor" parentSchemaName="contact" parentDisplayName="Contact" />
      </MissingDependency>
      <MissingDependency>
        <Required type="10" schemaName="msdyn_contact_msdyn_liveconversation_Customer" displayName="msdyn_contact_msdyn_liveconversation_Customer" parentSchemaName="contact" parentDisplayName="Contact" solution="OmnichannelBase (1.5.0.383)" />
        <Dependent type="10" schemaName="msdyn_contact_msdyn_liveconversation_Customer" displayName="msdyn_contact_msdyn_liveconversation_Customer" parentSchemaName="contact" parentDisplayName="Contact" />
      </MissingDependency>
      <MissingDependency>
        <Required type="10" schemaName="msdyn_contact_msdyn_ocliveworkitem_Customer" displayName="msdyn_contact_msdyn_ocliveworkitem_Customer" parentSchemaName="contact" parentDisplayName="Contact" solution="OmnichannelBase (1.5.0.383)" />
        <Dependent type="10" schemaName="msdyn_contact_msdyn_ocliveworkitem_Customer" displayName="msdyn_contact_msdyn_ocliveworkitem_Customer" parentSchemaName="contact" parentDisplayName="Contact" />
      </MissingDependency>
      <MissingDependency>
        <Required type="10" schemaName="msdyn_contact_msdyn_opportunitylinetransaction_ContactCustomer" displayName="msdyn_contact_msdyn_opportunitylinetransaction_ContactCustomer" parentSchemaName="contact" parentDisplayName="Contact" solution="ProjectService (3.10.0.31)" />
        <Dependent type="10" schemaName="msdyn_contact_msdyn_opportunitylinetransaction_ContactCustomer" displayName="msdyn_contact_msdyn_opportunitylinetransaction_ContactCustomer" parentSchemaName="contact" parentDisplayName="Contact" />
      </MissingDependency>
      <MissingDependency>
        <Required type="10" schemaName="msdyn_contact_msdyn_opportunitylinetransaction_ContactVendor" displayName="msdyn_contact_msdyn_opportunitylinetransaction_ContactVendor" parentSchemaName="contact" parentDisplayName="Contact" solution="ProjectService (3.10.0.31)" />
        <Dependent type="10" schemaName="msdyn_contact_msdyn_opportunitylinetransaction_ContactVendor" displayName="msdyn_contact_msdyn_opportunitylinetransaction_ContactVendor" parentSchemaName="contact" parentDisplayName="Contact" />
      </MissingDependency>
      <MissingDependency>
        <Required type="10" schemaName="msdyn_contact_msdyn_orderlinetransaction_ContactCustomer" displayName="msdyn_contact_msdyn_orderlinetransaction_ContactCustomer" parentSchemaName="contact" parentDisplayName="Contact" solution="ProjectService (3.10.0.31)" />
        <Dependent type="10" schemaName="msdyn_contact_msdyn_orderlinetransaction_ContactCustomer" displayName="msdyn_contact_msdyn_orderlinetransaction_ContactCustomer" parentSchemaName="contact" parentDisplayName="Contact" />
      </MissingDependency>
      <MissingDependency>
        <Required type="10" schemaName="msdyn_contact_msdyn_orderlinetransaction_ContactVendor" displayName="msdyn_contact_msdyn_orderlinetransaction_ContactVendor" parentSchemaName="contact" parentDisplayName="Contact" solution="ProjectService (3.10.0.31)" />
        <Dependent type="10" schemaName="msdyn_contact_msdyn_orderlinetransaction_ContactVendor" displayName="msdyn_contact_msdyn_orderlinetransaction_ContactVendor" parentSchemaName="contact" parentDisplayName="Contact" />
      </MissingDependency>
      <MissingDependency>
        <Required type="10" schemaName="msdyn_contact_msdyn_quotelinetransaction_ContactCustomer" displayName="msdyn_contact_msdyn_quotelinetransaction_ContactCustomer" parentSchemaName="contact" parentDisplayName="Contact" solution="ProjectService (3.10.0.31)" />
        <Dependent type="10" schemaName="msdyn_contact_msdyn_quotelinetransaction_ContactCustomer" displayName="msdyn_contact_msdyn_quotelinetransaction_ContactCustomer" parentSchemaName="contact" parentDisplayName="Contact" />
      </MissingDependency>
      <MissingDependency>
        <Required type="10" schemaName="msdyn_contact_msdyn_quotelinetransaction_ContactVendor" displayName="msdyn_contact_msdyn_quotelinetransaction_ContactVendor" parentSchemaName="contact" parentDisplayName="Contact" solution="ProjectService (3.10.0.31)" />
        <Dependent type="10" schemaName="msdyn_contact_msdyn_quotelinetransaction_ContactVendor" displayName="msdyn_contact_msdyn_quotelinetransaction_ContactVendor" parentSchemaName="contact" parentDisplayName="Contact" />
      </MissingDependency>
      <MissingDependency>
        <Required type="10" schemaName="msdyn_contact_msdyn_rma_RequestedByContact" displayName="msdyn_contact_msdyn_rma_RequestedByContact" parentSchemaName="contact" parentDisplayName="Contact" solution="FieldService (8.8.0.88)" />
        <Dependent type="10" schemaName="msdyn_contact_msdyn_rma_RequestedByContact" displayName="msdyn_contact_msdyn_rma_RequestedByContact" parentSchemaName="contact" parentDisplayName="Contact" />
      </MissingDependency>
      <MissingDependency>
        <Required type="10" schemaName="msdyn_contact_msdyn_rtv_VendorContact" displayName="msdyn_contact_msdyn_rtv_VendorContact" parentSchemaName="contact" parentDisplayName="Contact" solution="FieldService (8.8.0.88)" />
        <Dependent type="10" schemaName="msdyn_contact_msdyn_rtv_VendorContact" displayName="msdyn_contact_msdyn_rtv_VendorContact" parentSchemaName="contact" parentDisplayName="Contact" />
      </MissingDependency>
      <MissingDependency>
        <Required type="10" schemaName="msdyn_contact_msdyn_workorder_ReportedByContact" displayName="msdyn_contact_msdyn_workorder_ReportedByContact" parentSchemaName="contact" parentDisplayName="Contact" solution="FieldService (8.8.0.88)" />
        <Dependent type="10" schemaName="msdyn_contact_msdyn_workorder_ReportedByContact" displayName="msdyn_contact_msdyn_workorder_ReportedByContact" parentSchemaName="contact" parentDisplayName="Contact" />
      </MissingDependency>
      <MissingDependency>
        <Required type="10" schemaName="msdyn_contact_msdyn_actual_ContactCustomer" displayName="msdyn_contact_msdyn_actual_ContactCustomer" parentSchemaName="msdyn_actual" parentDisplayName="Actual" solution="MicrosoftDynamicsScheduling (3.12.0.448)" />
        <Dependent type="10" schemaName="msdyn_contact_msdyn_actual_ContactCustomer" displayName="msdyn_contact_msdyn_actual_ContactCustomer" parentSchemaName="msdyn_actual" parentDisplayName="Actual" />
      </MissingDependency>
      <MissingDependency>
        <Required type="10" schemaName="msdyn_contact_msdyn_actual_ContactVendor" displayName="msdyn_contact_msdyn_actual_ContactVendor" parentSchemaName="msdyn_actual" parentDisplayName="Actual" solution="MicrosoftDynamicsScheduling (3.12.0.448)" />
        <Dependent type="10" schemaName="msdyn_contact_msdyn_actual_ContactVendor" displayName="msdyn_contact_msdyn_actual_ContactVendor" parentSchemaName="msdyn_actual" parentDisplayName="Actual" />
      </MissingDependency>
      <MissingDependency>
        <Required type="2" schemaName="businesscard" displayName="Business Card" parentSchemaName="contact" parentDisplayName="Contact" solution="msdynce_SalesPatch201904 (9.0.1912.1007)">
          <package>msdynce_SalesAnchor (9.0.21072.10006)</package>
        </Required>
        <Dependent type="60" displayName="Contact Quick Create" parentDisplayName="Contact" id="{661157fe-2fc9-4eaa-835f-5bfa2f7b64f7}" />
      </MissingDependency>
      <MissingDependency>
        <Required type="2" schemaName="businesscardattributes" displayName="BusinessCardAttributes" parentSchemaName="contact" parentDisplayName="Contact" solution="msdynce_SalesPatch201904 (9.0.1912.1007)">
          <package>msdynce_SalesAnchor (9.0.21072.10006)</package>
        </Required>
        <Dependent type="60" displayName="Contact Quick Create" parentDisplayName="Contact" id="{661157fe-2fc9-4eaa-835f-5bfa2f7b64f7}" />
      </MissingDependency>
      <MissingDependency>
        <Required type="2" schemaName="defaultpricelevelid" displayName="Price List" parentSchemaName="contact" parentDisplayName="Contact" solution="msdynce_ProductManagement (9.0.4.0066)">
          <package>msdynce_ProductManagementAnchor (9.0.21072.10001)</package>
        </Required>
        <Dependent type="60" displayName="Information" parentDisplayName="Contact" id="{894cc46a-b0cb-4ab0-8bf6-200544e46a2d}" />
      </MissingDependency>
      <MissingDependency>
        <Required type="2" schemaName="originatingleadid" displayName="Originating Lead" parentSchemaName="contact" parentDisplayName="Contact" solution="msdynce_LeadManagement (9.0.4.0066)">
          <package>msdynce_LeadManagementAnchor (9.0.21072.10001)</package>
        </Required>
        <Dependent type="60" displayName="AI for Sales" parentDisplayName="Contact" id="{293c878f-f068-40a0-ae48-4297e060871c}" />
      </MissingDependency>
      <MissingDependency>
        <Required type="2" schemaName="originatingleadid" displayName="Originating Lead" parentSchemaName="contact" parentDisplayName="Contact" solution="msdynce_LeadManagement (9.0.4.0066)">
          <package>msdynce_LeadManagementAnchor (9.0.21072.10001)</package>
        </Required>
        <Dependent type="60" displayName="Contact with agreement info" parentDisplayName="Contact" id="{56c32bc7-6897-4568-8b9e-74171e0c3a3d}" />
      </MissingDependency>
      <MissingDependency>
        <Required type="2" schemaName="originatingleadid" displayName="Originating Lead" parentSchemaName="contact" parentDisplayName="Contact" solution="msdynce_LeadManagement (9.0.4.0066)">
          <package>msdynce_LeadManagementAnchor (9.0.21072.10001)</package>
        </Required>
        <Dependent type="60" displayName="Information" parentDisplayName="Contact" id="{894cc46a-b0cb-4ab0-8bf6-200544e46a2d}" />
      </MissingDependency>
      <MissingDependency>
        <Required type="2" schemaName="originatingleadid" displayName="Originating Lead" parentSchemaName="contact" parentDisplayName="Contact" solution="msdynce_LeadManagement (9.0.4.0066)">
          <package>msdynce_LeadManagementAnchor (9.0.21072.10001)</package>
        </Required>
        <Dependent type="60" displayName="Contact for Interactive experience" parentDisplayName="Contact" id="{cc760212-3eab-4009-b5c3-ea9cf6f3e141}" />
      </MissingDependency>
      <MissingDependency>
        <Required type="2" schemaName="originatingleadid" displayName="Originating Lead" parentSchemaName="contact" parentDisplayName="Contact" solution="msdynce_LeadManagement (9.0.4.0066)">
          <package>msdynce_LeadManagementAnchor (9.0.21072.10001)</package>
        </Required>
        <Dependent type="60" displayName="Contact for Multisession experience" parentDisplayName="Contact" id="{e06af4d1-2812-45c7-a9c2-9fb73fee7bec}" />
      </MissingDependency>
      <MissingDependency>
        <Required type="2" schemaName="preferredequipmentid" displayName="Preferred Facility/Equipment" parentSchemaName="contact" parentDisplayName="Contact" solution="msdynce_Service (9.0.5.56)">
          <package>msdynce_ServiceAnchor (9.0.21072.1004)</package>
        </Required>
        <Dependent type="60" displayName="Information" parentDisplayName="Contact" id="{894cc46a-b0cb-4ab0-8bf6-200544e46a2d}" />
      </MissingDependency>
      <MissingDependency>
        <Required type="2" schemaName="preferredserviceid" displayName="Preferred Service" parentSchemaName="contact" parentDisplayName="Contact" solution="msdynce_Service (9.0.5.56)">
          <package>msdynce_ServiceAnchor (9.0.21072.1004)</package>
        </Required>
        <Dependent type="60" displayName="Information" parentDisplayName="Contact" id="{894cc46a-b0cb-4ab0-8bf6-200544e46a2d}" />
      </MissingDependency>
      <MissingDependency>
        <Required type="2" schemaName="msdyn_contactcustomer" displayName="Customer contact ID" parentSchemaName="msdyn_actual" parentDisplayName="Actual" solution="MicrosoftDynamicsScheduling (3.12.0.448)" />
        <Dependent type="2" schemaName="msdyn_contactcustomer" displayName="Customer contact ID" parentSchemaName="msdyn_actual" parentDisplayName="Actual" />
      </MissingDependency>
      <MissingDependency>
        <Required type="2" schemaName="msdyn_contactvendor" displayName="Vendor" parentSchemaName="msdyn_actual" parentDisplayName="Actual" solution="MicrosoftDynamicsScheduling (3.12.0.448)" />
        <Dependent type="2" schemaName="msdyn_contactvendor" displayName="Vendor" parentSchemaName="msdyn_actual" parentDisplayName="Actual" />
      </MissingDependency>
      <MissingDependency>
        <Required type="2" schemaName="msdyn_contact" displayName="Contact" parentSchemaName="msdyn_contactpricelist" parentDisplayName="Contact Price List" solution="ProjectService (3.10.0.31)" />
        <Dependent type="2" schemaName="msdyn_contact" displayName="Contact" parentSchemaName="msdyn_contactpricelist" parentDisplayName="Contact Price List" />
      </MissingDependency>
      <MissingDependency>
        <Required type="2" schemaName="msdyn_contactcustomer" displayName="Customer" parentSchemaName="msdyn_estimateline" parentDisplayName="Estimate Line" solution="ProjectService (3.10.0.31)" />
        <Dependent type="2" schemaName="msdyn_contactcustomer" displayName="Customer" parentSchemaName="msdyn_estimateline" parentDisplayName="Estimate Line" />
      </MissingDependency>
      <MissingDependency>
        <Required type="2" schemaName="msdyn_contactvendor" displayName="Vendor" parentSchemaName="msdyn_estimateline" parentDisplayName="Estimate Line" solution="ProjectService (3.10.0.31)" />
        <Dependent type="2" schemaName="msdyn_contactvendor" displayName="Vendor" parentSchemaName="msdyn_estimateline" parentDisplayName="Estimate Line" />
      </MissingDependency>
      <MissingDependency>
        <Required type="2" schemaName="msdyn_contactcustomer" displayName="Customer" parentSchemaName="msdyn_fact" parentDisplayName="Fact" solution="ProjectService (3.10.0.31)" />
        <Dependent type="2" schemaName="msdyn_contactcustomer" displayName="Customer" parentSchemaName="msdyn_fact" parentDisplayName="Fact" />
      </MissingDependency>
      <MissingDependency>
        <Required type="2" schemaName="msdyn_contactvendor" displayName="Vendor" parentSchemaName="msdyn_fact" parentDisplayName="Fact" solution="ProjectService (3.10.0.31)" />
        <Dependent type="2" schemaName="msdyn_contactvendor" displayName="Vendor" parentSchemaName="msdyn_fact" parentDisplayName="Fact" />
      </MissingDependency>
      <MissingDependency>
        <Required type="2" schemaName="msdyn_contactcustomer" displayName="Customer" parentSchemaName="msdyn_invoicelinetransaction" parentDisplayName="Invoice Line Detail" solution="ProjectService (3.10.0.31)" />
        <Dependent type="2" schemaName="msdyn_contactcustomer" displayName="Customer" parentSchemaName="msdyn_invoicelinetransaction" parentDisplayName="Invoice Line Detail" />
      </MissingDependency>
      <MissingDependency>
        <Required type="2" schemaName="msdyn_contactvendor" displayName="Vendor" parentSchemaName="msdyn_invoicelinetransaction" parentDisplayName="Invoice Line Detail" solution="ProjectService (3.10.0.31)" />
        <Dependent type="2" schemaName="msdyn_contactvendor" displayName="Vendor" parentSchemaName="msdyn_invoicelinetransaction" parentDisplayName="Invoice Line Detail" />
      </MissingDependency>
      <MissingDependency>
        <Required type="2" schemaName="msdyn_contactcustomer" displayName="Customer" parentSchemaName="msdyn_journalline" parentDisplayName="Journal Line" solution="ProjectService (3.10.0.31)" />
        <Dependent type="2" schemaName="msdyn_contactcustomer" displayName="Customer" parentSchemaName="msdyn_journalline" parentDisplayName="Journal Line" />
      </MissingDependency>
      <MissingDependency>
        <Required type="2" schemaName="msdyn_contactvendor" displayName="Vendor" parentSchemaName="msdyn_journalline" parentDisplayName="Journal Line" solution="ProjectService (3.10.0.31)" />
        <Dependent type="2" schemaName="msdyn_contactvendor" displayName="Vendor" parentSchemaName="msdyn_journalline" parentDisplayName="Journal Line" />
      </MissingDependency>
      <MissingDependency>
        <Required type="2" schemaName="msdyn_customer" displayName="Customer" parentSchemaName="msdyn_liveconversation" parentDisplayName="Ongoing conversation (Deprecated)" solution="OmnichannelBase (1.5.0.383)" />
        <Dependent type="2" schemaName="msdyn_customer" displayName="Customer" parentSchemaName="msdyn_liveconversation" parentDisplayName="Ongoing conversation (Deprecated)" />
      </MissingDependency>
      <MissingDependency>
        <Required type="2" schemaName="msdyn_customer" displayName="Customer" parentSchemaName="msdyn_ocliveworkitem" parentDisplayName="Conversation" solution="OmnichannelBase (1.5.0.383)" />
        <Dependent type="2" schemaName="msdyn_customer" displayName="Customer" parentSchemaName="msdyn_ocliveworkitem" parentDisplayName="Conversation" />
      </MissingDependency>
      <MissingDependency>
        <Required type="2" schemaName="msdyn_contactcustomer" displayName="Customer" parentSchemaName="msdyn_opportunitylinetransaction" parentDisplayName="Opportunity Line Detail (Deprecated)" solution="ProjectService (3.10.0.31)" />
        <Dependent type="2" schemaName="msdyn_contactcustomer" displayName="Customer" parentSchemaName="msdyn_opportunitylinetransaction" parentDisplayName="Opportunity Line Detail (Deprecated)" />
      </MissingDependency>
      <MissingDependency>
        <Required type="2" schemaName="msdyn_contactvendor" displayName="Vendor" parentSchemaName="msdyn_opportunitylinetransaction" parentDisplayName="Opportunity Line Detail (Deprecated)" solution="ProjectService (3.10.0.31)" />
        <Dependent type="2" schemaName="msdyn_contactvendor" displayName="Vendor" parentSchemaName="msdyn_opportunitylinetransaction" parentDisplayName="Opportunity Line Detail (Deprecated)" />
      </MissingDependency>
      <MissingDependency>
        <Required type="2" schemaName="msdyn_contactcustomer" displayName="Contact Customer" parentSchemaName="msdyn_orderlinetransaction" parentDisplayName="Project Contract Line Detail" solution="ProjectService (3.10.0.31)" />
        <Dependent type="2" schemaName="msdyn_contactcustomer" displayName="Contact Customer" parentSchemaName="msdyn_orderlinetransaction" parentDisplayName="Project Contract Line Detail" />
      </MissingDependency>
      <MissingDependency>
        <Required type="2" schemaName="msdyn_contactvendor" displayName="Vendor" parentSchemaName="msdyn_orderlinetransaction" parentDisplayName="Project Contract Line Detail" solution="ProjectService (3.10.0.31)" />
        <Dependent type="2" schemaName="msdyn_contactvendor" displayName="Vendor" parentSchemaName="msdyn_orderlinetransaction" parentDisplayName="Project Contract Line Detail" />
      </MissingDependency>
      <MissingDependency>
        <Required type="2" schemaName="msdyn_contactcustomer" displayName="Contact Customer" parentSchemaName="msdyn_quotelinetransaction" parentDisplayName="Quote Line Detail" solution="ProjectService (3.10.0.31)" />
        <Dependent type="2" schemaName="msdyn_contactcustomer" displayName="Contact Customer" parentSchemaName="msdyn_quotelinetransaction" parentDisplayName="Quote Line Detail" />
      </MissingDependency>
      <MissingDependency>
        <Required type="2" schemaName="msdyn_contactvendor" displayName="Vendor" parentSchemaName="msdyn_quotelinetransaction" parentDisplayName="Quote Line Detail" solution="ProjectService (3.10.0.31)" />
        <Dependent type="2" schemaName="msdyn_contactvendor" displayName="Vendor" parentSchemaName="msdyn_quotelinetransaction" parentDisplayName="Quote Line Detail" />
      </MissingDependency>
      <MissingDependency>
        <Required type="2" schemaName="msdyn_requestedbycontact" displayName="Requested By Contact" parentSchemaName="msdyn_rma" parentDisplayName="RMA" solution="FieldService (8.8.0.88)" />
        <Dependent type="2" schemaName="msdyn_requestedbycontact" displayName="Requested By Contact" parentSchemaName="msdyn_rma" parentDisplayName="RMA" />
      </MissingDependency>
      <MissingDependency>
        <Required type="2" schemaName="msdyn_vendorcontact" displayName="Vendor Contact" parentSchemaName="msdyn_rtv" parentDisplayName="RTV" solution="FieldService (8.8.0.88)" />
        <Dependent type="2" schemaName="msdyn_vendorcontact" displayName="Vendor Contact" parentSchemaName="msdyn_rtv" parentDisplayName="RTV" />
      </MissingDependency>
      <MissingDependency>
        <Required type="2" schemaName="msdyn_reportedbycontact" displayName="Reported By Contact" parentSchemaName="msdyn_workorder" parentDisplayName="Work Order" solution="FieldService (8.8.0.88)" />
        <Dependent type="2" schemaName="msdyn_reportedbycontact" displayName="Reported By Contact" parentSchemaName="msdyn_workorder" parentDisplayName="Work Order" />
      </MissingDependency>
      <MissingDependency>
        <Required type="20" displayName="CSR Manager" solution="msdynce_Service (9.0.5.56)" id="{03c1fa78-7fe7-4cda-be6a-48120aafa10d}" parentId="{1808b939-dd07-4ca7-aa99-ddd2734378f1}">
          <package>msdynce_ServiceAnchor (9.0.21072.1004)</package>
        </Required>
        <Dependent type="60" displayName="Contact for Multisession experience" parentDisplayName="Contact" id="{e06af4d1-2812-45c7-a9c2-9fb73fee7bec}" />
      </MissingDependency>
      <MissingDependency>
        <Required type="20" displayName="Customer service app access" solution="msdynce_Customerservicehub (9.0.5.0056)" id="{3dac4d9e-568c-e611-80d4-00155d42a122}">
          <package>msdynce_ServiceAnchor (9.0.21072.1004)</package>
        </Required>
        <Dependent type="60" displayName="Contact for Multisession experience" parentDisplayName="Contact" id="{e06af4d1-2812-45c7-a9c2-9fb73fee7bec}" />
      </MissingDependency>
      <MissingDependency>
        <Required type="20" displayName="Customer Service Representative" solution="msdynce_Service (9.0.5.56)" id="{746c668f-d962-4405-844f-9d3e1d5cf7b5}" parentId="{ecfd0b44-5720-45e3-ae68-417ddb0fb654}">
          <package>msdynce_ServiceAnchor (9.0.21072.1004)</package>
        </Required>
        <Dependent type="60" displayName="Contact for Multisession experience" parentDisplayName="Contact" id="{e06af4d1-2812-45c7-a9c2-9fb73fee7bec}" />
      </MissingDependency>
      <MissingDependency>
        <Required type="26" schemaName="My Active Cases" displayName="My Active Cases" parentSchemaName="incident" parentDisplayName="Case" solution="msdynce_Service (9.0.5.56)" id="{00000000-0000-0000-00aa-000010001028}">
          <package>msdynce_ServiceAnchor (9.0.21072.1004)</package>
        </Required>
        <Dependent type="60" displayName="Contact with agreement info" parentDisplayName="Contact" id="{56c32bc7-6897-4568-8b9e-74171e0c3a3d}" />
      </MissingDependency>
      <MissingDependency>
        <Required type="26" schemaName="My Active Cases" displayName="My Active Cases" parentSchemaName="incident" parentDisplayName="Case" solution="msdynce_Service (9.0.5.56)" id="{00000000-0000-0000-00aa-000010001028}">
          <package>msdynce_ServiceAnchor (9.0.21072.1004)</package>
        </Required>
        <Dependent type="60" displayName="Contact for Multisession experience" parentDisplayName="Contact" id="{e06af4d1-2812-45c7-a9c2-9fb73fee7bec}" />
      </MissingDependency>
      <MissingDependency>
        <Required type="26" schemaName="My Open Opportunities" displayName="My Open Opportunities" parentSchemaName="opportunity" parentDisplayName="Opportunity" solution="msdynce_Sales (9.0.4.0076)" id="{00000000-0000-0000-00aa-000010003000}">
          <package>msdynce_SalesAnchor (9.0.21072.10006)</package>
        </Required>
        <Dependent type="60" displayName="AI for Sales" parentDisplayName="Contact" id="{293c878f-f068-40a0-ae48-4297e060871c}" />
      </MissingDependency>
      <MissingDependency>
        <Required type="26" schemaName="My Open Opportunities" displayName="My Open Opportunities" parentSchemaName="opportunity" parentDisplayName="Opportunity" solution="msdynce_Sales (9.0.4.0076)" id="{00000000-0000-0000-00aa-000010003000}">
          <package>msdynce_SalesAnchor (9.0.21072.10006)</package>
        </Required>
        <Dependent type="60" displayName="Contact with agreement info" parentDisplayName="Contact" id="{56c32bc7-6897-4568-8b9e-74171e0c3a3d}" />
      </MissingDependency>
      <MissingDependency>
        <Required type="26" schemaName="All Contacts" displayName="All Contacts" parentSchemaName="contact" parentDisplayName="Contact" solution="msdynce_AppCommon (9.0.4.0066)" id="{0d5d377b-5e7c-47b5-bab1-a5cb8b4ac105}">
          <package>msdynce_AppCommonAnchor (9.0.21072.10001)</package>
        </Required>
        <Dependent type="60" displayName="Contacts Dashboard" parentDisplayName="Contact" id="{70ad8b15-e3f3-4d7d-9e4b-16cb4e51b484}" />
      </MissingDependency>
      <MissingDependency>
        <Required type="26" schemaName="Active Services" displayName="Active Services" parentSchemaName="service" parentDisplayName="Service" solution="msdynce_Service (9.0.5.56)" id="{2bd4de5e-a7b4-4f5d-8fde-eb3b62d8e2b2}">
          <package>msdynce_ServiceAnchor (9.0.21072.1004)</package>
        </Required>
        <Dependent type="60" displayName="Information" parentDisplayName="Contact" id="{894cc46a-b0cb-4ab0-8bf6-200544e46a2d}" />
      </MissingDependency>
      <MissingDependency>
        <Required type="26" schemaName="Recent Opportunities" displayName="Recent Opportunities" parentSchemaName="opportunity" parentDisplayName="Opportunity" solution="msdynce_Sales (9.0.4.0076)" id="{9c3f7ee8-eca7-e211-9fb6-00155dd0ea05}">
          <package>msdynce_SalesAnchor (9.0.21072.10006)</package>
        </Required>
        <Dependent type="60" displayName="AI for Sales" parentDisplayName="Contact" id="{293c878f-f068-40a0-ae48-4297e060871c}" />
      </MissingDependency>
      <MissingDependency>
        <Required type="26" schemaName="Recent Opportunities" displayName="Recent Opportunities" parentSchemaName="opportunity" parentDisplayName="Opportunity" solution="msdynce_Sales (9.0.4.0076)" id="{9c3f7ee8-eca7-e211-9fb6-00155dd0ea05}">
          <package>msdynce_SalesAnchor (9.0.21072.10006)</package>
        </Required>
        <Dependent type="60" displayName="Contact with agreement info" parentDisplayName="Contact" id="{56c32bc7-6897-4568-8b9e-74171e0c3a3d}" />
      </MissingDependency>
      <MissingDependency>
        <Required type="26" schemaName="Recent Cases" displayName="Recent Cases" parentSchemaName="incident" parentDisplayName="Case" solution="msdynce_Service (9.0.5.56)" id="{ebd1d24a-eea7-e211-9fb6-00155dd0ea05}">
          <package>msdynce_ServiceAnchor (9.0.21072.1004)</package>
        </Required>
        <Dependent type="60" displayName="Contact with agreement info" parentDisplayName="Contact" id="{56c32bc7-6897-4568-8b9e-74171e0c3a3d}" />
      </MissingDependency>
      <MissingDependency>
        <Required type="59" schemaName="Active Cases by Agent" displayName="Active Cases by Agent" parentSchemaName="incident" parentDisplayName="Case" solution="msdynce_Service (9.0.5.56)" id="{4143b74e-4a07-4d01-9ffe-2cdcaa4208fd}">
          <package>msdynce_ServiceAnchor (9.0.21072.1004)</package>
        </Required>
        <Dependent type="60" displayName="Contact for Multisession experience" parentDisplayName="Contact" id="{e06af4d1-2812-45c7-a9c2-9fb73fee7bec}" />
      </MissingDependency>
      <MissingDependency>
        <Required type="59" schemaName="Top Customers" displayName="Top Customers" parentSchemaName="opportunity" parentDisplayName="Opportunity" solution="msdynce_Sales (9.0.4.0076)" id="{8bc5fb18-48f2-4782-9e16-3d452fa4ddce}">
          <package>msdynce_SalesAnchor (9.0.21072.10006)</package>
        </Required>
        <Dependent type="60" displayName="AI for Sales" parentDisplayName="Contact" id="{293c878f-f068-40a0-ae48-4297e060871c}" />
      </MissingDependency>
      <MissingDependency>
        <Required type="59" schemaName="Top Customers" displayName="Top Customers" parentSchemaName="opportunity" parentDisplayName="Opportunity" solution="msdynce_Sales (9.0.4.0076)" id="{8bc5fb18-48f2-4782-9e16-3d452fa4ddce}">
          <package>msdynce_SalesAnchor (9.0.21072.10006)</package>
        </Required>
        <Dependent type="60" displayName="Contact with agreement info" parentDisplayName="Contact" id="{56c32bc7-6897-4568-8b9e-74171e0c3a3d}" />
      </MissingDependency>
      <MissingDependency>
        <Required type="59" schemaName="Case Mix (By Business Unit)" displayName="Case Mix (By Business Unit)" parentSchemaName="incident" parentDisplayName="Case" solution="msdynce_Service (9.0.5.56)" id="{f10375a6-4893-de11-97d4-00155da3b01e}">
          <package>msdynce_ServiceAnchor (9.0.21072.1004)</package>
        </Required>
        <Dependent type="60" displayName="Contact with agreement info" parentDisplayName="Contact" id="{56c32bc7-6897-4568-8b9e-74171e0c3a3d}" />
      </MissingDependency>
      <MissingDependency>
        <Required type="60" displayName="AI for Sales" parentDisplayName="Contact" solution="SICommon (9.0.2.2077)" id="{293c878f-f068-40a0-ae48-4297e060871c}">
          <package>msdynce_SalesInsightsAnchor (9.0.21072.10004)</package>
        </Required>
        <Dependent type="60" displayName="AI for Sales" parentDisplayName="Contact" id="{293c878f-f068-40a0-ae48-4297e060871c}" />
      </MissingDependency>
      <MissingDependency>
        <Required type="60" displayName="account contact card" parentDisplayName="Contact" solution="msdynce_AppCommon (9.0.4.0066)" id="{29de27bc-a257-4f29-99cf-bab4a84e688f}">
          <package>msdynce_AppCommonAnchor (9.0.21072.10001)</package>
        </Required>
        <Dependent type="60" displayName="AI for Sales" parentDisplayName="Contact" id="{293c878f-f068-40a0-ae48-4297e060871c}" />
      </MissingDependency>
      <MissingDependency>
        <Required type="60" displayName="account contact card" parentDisplayName="Contact" solution="msdynce_AppCommon (9.0.4.0066)" id="{29de27bc-a257-4f29-99cf-bab4a84e688f}">
          <package>msdynce_AppCommonAnchor (9.0.21072.10001)</package>
        </Required>
        <Dependent type="60" displayName="Contact with agreement info" parentDisplayName="Contact" id="{56c32bc7-6897-4568-8b9e-74171e0c3a3d}" />
      </MissingDependency>
      <MissingDependency>
        <Required type="60" displayName="Contact Quick Create" parentDisplayName="Contact" solution="msdynce_AppCommon (9.0.4.0066)" id="{661157fe-2fc9-4eaa-835f-5bfa2f7b64f7}">
          <package>msdynce_AppCommonAnchor (9.0.21072.10001)</package>
        </Required>
        <Dependent type="60" displayName="Contact Quick Create" parentDisplayName="Contact" id="{661157fe-2fc9-4eaa-835f-5bfa2f7b64f7}" />
      </MissingDependency>
      <MissingDependency>
        <Required type="60" displayName="contact card" parentDisplayName="Contact" solution="msdynce_AppCommon (9.0.4.0066)" id="{707fc57b-c5e6-471b-a180-e37ed28a38e2}">
          <package>msdynce_AppCommonAnchor (9.0.21072.10001)</package>
        </Required>
        <Dependent type="60" displayName="Contact for Interactive experience" parentDisplayName="Contact" id="{cc760212-3eab-4009-b5c3-ea9cf6f3e141}" />
      </MissingDependency>
      <MissingDependency>
        <Required type="60" displayName="contact card" parentDisplayName="Contact" solution="msdynce_AppCommon (9.0.4.0066)" id="{707fc57b-c5e6-471b-a180-e37ed28a38e2}">
          <package>msdynce_AppCommonAnchor (9.0.21072.10001)</package>
        </Required>
        <Dependent type="60" displayName="Contact for Multisession experience" parentDisplayName="Contact" id="{e06af4d1-2812-45c7-a9c2-9fb73fee7bec}" />
      </MissingDependency>
      <MissingDependency>
        <Required type="60" displayName="Contacts Dashboard" parentDisplayName="Contact" solution="msdynce_Service (9.0.5.56)" id="{70ad8b15-e3f3-4d7d-9e4b-16cb4e51b484}">
          <package>msdynce_ServiceAnchor (9.0.21072.1004)</package>
        </Required>
        <Dependent type="60" displayName="Contacts Dashboard" parentDisplayName="Contact" id="{70ad8b15-e3f3-4d7d-9e4b-16cb4e51b484}" />
      </MissingDependency>
      <MissingDependency>
        <Required type="60" displayName="Information" parentDisplayName="Contact" solution="msdynce_AppCommon (9.0.4.0066)" id="{894cc46a-b0cb-4ab0-8bf6-200544e46a2d}">
          <package>msdynce_AppCommonAnchor (9.0.21072.10001)</package>
        </Required>
        <Dependent type="60" displayName="Information" parentDisplayName="Contact" id="{894cc46a-b0cb-4ab0-8bf6-200544e46a2d}" />
      </MissingDependency>
      <MissingDependency>
        <Required type="60" displayName="Contact for Interactive experience" parentDisplayName="Contact" solution="msdynce_LeadManagement (9.0.4.0066)" id="{cc760212-3eab-4009-b5c3-ea9cf6f3e141}">
          <package>msdynce_LeadManagementAnchor (9.0.21072.10001)</package>
        </Required>
        <Dependent type="60" displayName="Contact for Interactive experience" parentDisplayName="Contact" id="{cc760212-3eab-4009-b5c3-ea9cf6f3e141}" />
      </MissingDependency>
      <MissingDependency>
        <Required type="60" displayName="Contact for Multisession experience" parentDisplayName="Contact" solution="msdynce_ServicePatch201911 (9.0.21072.1004)" id="{e06af4d1-2812-45c7-a9c2-9fb73fee7bec}">
          <package>msdynce_ServiceAnchor (9.0.21072.1004)</package>
        </Required>
        <Dependent type="60" displayName="Contact for Multisession experience" parentDisplayName="Contact" id="{e06af4d1-2812-45c7-a9c2-9fb73fee7bec}" />
      </MissingDependency>
      <MissingDependency>
        <Required type="61" schemaName="AppCommon/Contact/Contact_main_system_library.js" displayName="AppCommon/Contact/Contact_main_system_library.js" solution="msdynce_AppCommon (9.0.4.0066)">
          <package>msdynce_AppCommonAnchor (9.0.21072.10001)</package>
        </Required>
        <Dependent type="60" displayName="Contact with agreement info" parentDisplayName="Contact" id="{56c32bc7-6897-4568-8b9e-74171e0c3a3d}" />
      </MissingDependency>
      <MissingDependency>
        <Required type="61" schemaName="AppCommon/Contact/Contact_main_system_library.js" displayName="AppCommon/Contact/Contact_main_system_library.js" solution="msdynce_AppCommon (9.0.4.0066)">
          <package>msdynce_AppCommonAnchor (9.0.21072.10001)</package>
        </Required>
        <Dependent type="60" displayName="Information" parentDisplayName="Contact" id="{894cc46a-b0cb-4ab0-8bf6-200544e46a2d}" />
      </MissingDependency>
      <MissingDependency>
        <Required type="61" schemaName="AppCommon/Contact/Contact_main_system_library.js" displayName="AppCommon/Contact/Contact_main_system_library.js" solution="msdynce_AppCommon (9.0.4.0066)">
          <package>msdynce_AppCommonAnchor (9.0.21072.10001)</package>
        </Required>
        <Dependent type="60" displayName="Contact for Interactive experience" parentDisplayName="Contact" id="{cc760212-3eab-4009-b5c3-ea9cf6f3e141}" />
      </MissingDependency>
      <MissingDependency>
        <Required type="61" schemaName="AppCommon/Contact/Contact_main_system_library.js" displayName="AppCommon/Contact/Contact_main_system_library.js" solution="msdynce_AppCommon (9.0.4.0066)">
          <package>msdynce_AppCommonAnchor (9.0.21072.10001)</package>
        </Required>
        <Dependent type="60" displayName="Contact for Multisession experience" parentDisplayName="Contact" id="{e06af4d1-2812-45c7-a9c2-9fb73fee7bec}" />
      </MissingDependency>
      <MissingDependency>
        <Required type="61" schemaName="msdyn_/ActivityFeeds.Form.js" displayName="msdyn_/ActivityFeeds.Form.js" solution="ActivityFeedsCore (9.0.0.0005)" />
        <Dependent type="60" displayName="Information" parentDisplayName="Contact" id="{894cc46a-b0cb-4ab0-8bf6-200544e46a2d}" />
      </MissingDependency>
      <MissingDependency>
        <Required type="61" schemaName="msdyn_/ActivityFeeds.Form.js" displayName="msdyn_/ActivityFeeds.Form.js" solution="ActivityFeedsCore (9.0.0.0005)" />
        <Dependent type="60" displayName="Contact for Multisession experience" parentDisplayName="Contact" id="{e06af4d1-2812-45c7-a9c2-9fb73fee7bec}" />
      </MissingDependency>
      <MissingDependency>
        <Required type="61" schemaName="msdyn_/Contact/Contact.Library.js" displayName="msdyn_/Contact/Contact.Library.js" solution="FieldService (8.8.0.88)" />
        <Dependent type="60" displayName="Contact with agreement info" parentDisplayName="Contact" id="{56c32bc7-6897-4568-8b9e-74171e0c3a3d}" />
      </MissingDependency>
      <MissingDependency>
        <Required type="61" schemaName="msdyn_/RecordWall.htm" displayName="msdyn_/RecordWall.htm" solution="ActivityFeedsCore (9.0.0.0005)" />
        <Dependent type="60" displayName="Information" parentDisplayName="Contact" id="{894cc46a-b0cb-4ab0-8bf6-200544e46a2d}" />
      </MissingDependency>
      <MissingDependency>
        <Required type="61" schemaName="msdyn_/RecordWall.htm" displayName="msdyn_/RecordWall.htm" solution="ActivityFeedsCore (9.0.0.0005)" />
        <Dependent type="60" displayName="Contact for Multisession experience" parentDisplayName="Contact" id="{e06af4d1-2812-45c7-a9c2-9fb73fee7bec}" />
      </MissingDependency>
      <MissingDependency>
        <Required type="61" schemaName="msdyn_talkingpointsloader.js" displayName="msdyn_talkingpointsloader.js" solution="msdynce_Talkingpoints (9.0.1.701524)">
          <package>msdynce_SalesInsightsAnchor (9.0.21072.10004)</package>
        </Required>
        <Dependent type="60" displayName="AI for Sales" parentDisplayName="Contact" id="{293c878f-f068-40a0-ae48-4297e060871c}" />
      </MissingDependency>
      <MissingDependency>
        <Required type="61" schemaName="msdyn_talkingpointsloader.js" displayName="msdyn_talkingpointsloader.js" solution="msdynce_Talkingpoints (9.0.1.701524)">
          <package>msdynce_SalesInsightsAnchor (9.0.21072.10004)</package>
        </Required>
        <Dependent type="60" displayName="Contact with agreement info" parentDisplayName="Contact" id="{56c32bc7-6897-4568-8b9e-74171e0c3a3d}" />
      </MissingDependency>
      <MissingDependency>
        <Required type="61" schemaName="Sales/Contact/Contact_main_system_library.js" displayName="Sales/Contact/Contact_main_system_library.js" solution="msdynce_SalesPatch201904 (9.0.1912.1007)">
          <package>msdynce_SalesAnchor (9.0.21072.10006)</package>
        </Required>
        <Dependent type="60" displayName="Contact Quick Create" parentDisplayName="Contact" id="{661157fe-2fc9-4eaa-835f-5bfa2f7b64f7}" />
      </MissingDependency>
      <MissingDependency>
        <Required type="66" schemaName="Intelligence.BusinessCardReaderControl.BusinessCardReader" displayName="Intelligence.BusinessCardReaderControl.BusinessCardReader" solution="BaseCustomControlsCore (9.0.2107.3008)" />
        <Dependent type="60" displayName="Contact Quick Create" parentDisplayName="Contact" id="{661157fe-2fc9-4eaa-835f-5bfa2f7b64f7}" />
      </MissingDependency>
      <MissingDependency>
        <Required type="66" schemaName="Microsoft.AddressInputUCI" displayName="Microsoft.AddressInputUCI" solution="BaseCustomControlsCore (9.0.2107.3008)" />
        <Dependent type="60" displayName="Contact with agreement info" parentDisplayName="Contact" id="{56c32bc7-6897-4568-8b9e-74171e0c3a3d}" />
      </MissingDependency>
      <MissingDependency>
        <Required type="66" schemaName="MscrmControls.CardFeedContainer.CardFeedContainer" displayName="MscrmControls.CardFeedContainer.CardFeedContainer" solution="BaseCustomControlsCore (9.0.2107.3008)" />
        <Dependent type="60" displayName="AI for Sales" parentDisplayName="Contact" id="{293c878f-f068-40a0-ae48-4297e060871c}" />
      </MissingDependency>
      <MissingDependency>
        <Required type="66" schemaName="MscrmControls.TalkingPointsControl.TalkingPoints" displayName="MscrmControls.TalkingPointsControl.TalkingPoints" solution="msdynce_Talkingpoints (9.0.1.701524)">
          <package>msdynce_SalesInsightsAnchor (9.0.21072.10004)</package>
        </Required>
        <Dependent type="60" displayName="AI for Sales" parentDisplayName="Contact" id="{293c878f-f068-40a0-ae48-4297e060871c}" />
      </MissingDependency>
    </MissingDependencies>
  </SolutionManifest>
</ImportExportXml>